[ {
  "id" : "246f68b2-3d8a-f4cb-18e8-75cbfb0c3c5f",
  "name" : "tab_content",
  "display_width" : null,
  "label" : "Tab Content",
  "required" : false,
  "locked" : false,
  "occurrence" : {
    "min" : 1,
    "max" : 20,
    "sorting_label_field" : "1de8393d-bb8a-b424-f93d-57b841f436d0",
    "default" : 3
  },
  "children" : [ {
    "id" : "1de8393d-bb8a-b424-f93d-57b841f436d0",
    "name" : "tab_title",
    "display_width" : null,
    "label" : "Tab Title",
    "required" : false,
    "locked" : false,
    "validation_regex" : "",
    "allow_new_line" : false,
    "show_emoji_picker" : false,
    "type" : "text",
    "default" : "All Projects"
  }, {
    "id" : "d207f5dd-c685-2482-e0dc-cddc20696797",
    "name" : "tab_short_desc",
    "display_width" : null,
    "label" : "Tab Short Description",
    "required" : false,
    "locked" : false,
    "validation_regex" : "",
    "allow_new_line" : false,
    "show_emoji_picker" : false,
    "type" : "text",
    "default" : "This is the Short Description of Tab"
  }, {
    "id" : "bcfa0d52-2533-6645-330e-274c2ea15985",
    "name" : "tab_icon",
    "display_width" : null,
    "label" : "Tab Icon",
    "required" : false,
    "locked" : false,
    "visibility" : {
      "controlling_field" : "a15a21bf-2ce8-59b3-ec1b-f02a51554dcc",
      "controlling_field_path" : null,
      "controlling_value_regex" : "icon",
      "property" : null,
      "operator" : "EQUAL",
      "access" : null
    },
    "icon_set" : "fontawesome-5.14.0",
    "type" : "icon",
    "default" : {
      "name" : "Alternate User",
      "unicode" : "f406",
      "type" : "SOLID"
    }
  }, {
    "id" : "04d0fd94-2813-0c00-a75e-c7464d612b3d",
    "name" : "tab_image",
    "display_width" : null,
    "label" : "Tab Image",
    "required" : false,
    "locked" : false,
    "visibility" : {
      "controlling_field" : "a15a21bf-2ce8-59b3-ec1b-f02a51554dcc",
      "controlling_field_path" : null,
      "controlling_value_regex" : "image",
      "property" : null,
      "operator" : "EQUAL",
      "access" : null
    },
    "responsive" : true,
    "resizable" : false,
    "show_loading" : true,
    "type" : "image",
    "default" : {
      "size_type" : "auto",
      "src" : "https://fs.hubspotusercontent00.net/hubfs/4172253/OneTheme/icon/Favicon.png",
      "alt" : "Favicon",
      "loading" : "lazy",
      "width" : 512,
      "height" : 512,
      "max_width" : 512,
      "max_height" : 512
    }
  }, {
    "id" : "1ee9adea-1448-4652-e38d-81d264faffb2",
    "name" : "content",
    "display_width" : null,
    "label" : "Content",
    "required" : false,
    "locked" : false,
    "children" : [ {
      "id" : "48b8b85a-a56a-ae26-37dd-ccb338a57a29",
      "name" : "content_title",
      "display_width" : null,
      "label" : "Content Title",
      "help_text" : "If you want to add a gradient color in some of the words in title then start the <span> some words </span>",
      "required" : false,
      "locked" : false,
      "validation_regex" : "",
      "allow_new_line" : false,
      "show_emoji_picker" : false,
      "type" : "text",
      "default" : "Our Mission"
    }, {
      "id" : "b28a4839-60e2-a059-0000-c5b87bd11a3c",
      "name" : "richtext",
      "display_width" : null,
      "label" : "Rich text",
      "required" : false,
      "locked" : false,
      "type" : "richtext",
      "default" : "<p>Design settings and even apply custom CSS to this text in the module Advanced settings. settings and even apply custom CSS. Your content goes here. Edit or remove this text inline or in the module Content settings. You can also style every aspect of this content in the module Design settings and even apply custom CSS to this text in the module Advanced settings.</p>\n<ul>\n<li>Massa eget egestas purus viverra accumsan in nisl nisi scelerisque.</li>\n<li>Proin nibh nisl condimentum id venenatis a condimentum vitae.</li>\n<li>Mauris rhoncus aenean vel elit scelerisque mauris pellentesque.</li>\n</ul>\n<p><img src=\"https://fs.hubspotusercontent00.net/hubfs/4172253/OneTheme/module-icons/default-image.svg\" alt=\"default-image\" width=\"94\" loading=\"lazy\" style=\"width: 94px;\"></p>"
    } ],
    "tab" : "CONTENT",
    "expanded" : false,
    "type" : "group",
    "default" : {
      "content_title" : "Our Mission",
      "richtext" : "<p>Design settings and even apply custom CSS to this text in the module Advanced settings. settings and even apply custom CSS. Your content goes here. Edit or remove this text inline or in the module Content settings. You can also style every aspect of this content in the module Design settings and even apply custom CSS to this text in the module Advanced settings.</p>\n<ul>\n<li>Massa eget egestas purus viverra accumsan in nisl nisi scelerisque.</li>\n<li>Proin nibh nisl condimentum id venenatis a condimentum vitae.</li>\n<li>Mauris rhoncus aenean vel elit scelerisque mauris pellentesque.</li>\n</ul>\n<p><img src=\"https://fs.hubspotusercontent00.net/hubfs/4172253/OneTheme/module-icons/default-image.svg\" alt=\"default-image\" width=\"94\" loading=\"lazy\" style=\"width: 94px;\"></p>"
    }
  } ],
  "tab" : "CONTENT",
  "expanded" : false,
  "type" : "group",
  "default" : [ {
    "tab_title" : "All Projects",
    "tab_short_desc" : "This is the Short Description of Tab",
    "tab_icon" : {
      "name" : "Alternate User",
      "unicode" : "f406",
      "type" : "SOLID"
    },
    "tab_image" : {
      "size_type" : "auto",
      "src" : "https://fs.hubspotusercontent00.net/hubfs/4172253/OneTheme/icon/Favicon.png",
      "alt" : "Favicon",
      "loading" : "lazy",
      "width" : 512,
      "height" : 512,
      "max_width" : 512,
      "max_height" : 512
    },
    "content" : {
      "content_title" : "Our Mission",
      "richtext" : "<p>Design settings and even apply custom CSS to this text in the module Advanced settings. settings and even apply custom CSS. Your content goes here. Edit or remove this text inline or in the module Content settings. You can also style every aspect of this content in the module Design settings and even apply custom CSS to this text in the module Advanced settings.</p>\n<ul>\n<li>Massa eget egestas purus viverra accumsan in nisl nisi scelerisque.</li>\n<li>Proin nibh nisl condimentum id venenatis a condimentum vitae.</li>\n<li>Mauris rhoncus aenean vel elit scelerisque mauris pellentesque.</li>\n</ul>\n<p><img src=\"https://fs.hubspotusercontent00.net/hubfs/4172253/OneTheme/module-icons/default-image.svg\" alt=\"default-image\" width=\"94\" loading=\"lazy\" style=\"width: 94px;\"></p>"
    }
  }, {
    "tab_title" : "All Projects",
    "tab_short_desc" : "This is the Short Description of Tab",
    "tab_icon" : {
      "name" : "Alternate User",
      "unicode" : "f406",
      "type" : "SOLID"
    },
    "tab_image" : {
      "size_type" : "auto",
      "src" : "https://fs.hubspotusercontent00.net/hubfs/4172253/OneTheme/icon/Favicon.png",
      "alt" : "Favicon",
      "loading" : "lazy",
      "width" : 512,
      "height" : 512,
      "max_width" : 512,
      "max_height" : 512
    },
    "content" : {
      "content_title" : "Our Mission",
      "richtext" : "<p>Design settings and even apply custom CSS to this text in the module Advanced settings. settings and even apply custom CSS. Your content goes here. Edit or remove this text inline or in the module Content settings. You can also style every aspect of this content in the module Design settings and even apply custom CSS to this text in the module Advanced settings.</p>\n<ul>\n<li>Massa eget egestas purus viverra accumsan in nisl nisi scelerisque.</li>\n<li>Proin nibh nisl condimentum id venenatis a condimentum vitae.</li>\n<li>Mauris rhoncus aenean vel elit scelerisque mauris pellentesque.</li>\n</ul>\n<p><img src=\"https://fs.hubspotusercontent00.net/hubfs/4172253/OneTheme/module-icons/default-image.svg\" alt=\"default-image\" width=\"94\" loading=\"lazy\" style=\"width: 94px;\"></p>"
    }
  }, {
    "tab_title" : "All Projects",
    "tab_short_desc" : "This is the Short Description of Tab",
    "tab_icon" : {
      "name" : "Alternate User",
      "unicode" : "f406",
      "type" : "SOLID"
    },
    "tab_image" : {
      "size_type" : "auto",
      "src" : "https://fs.hubspotusercontent00.net/hubfs/4172253/OneTheme/icon/Favicon.png",
      "alt" : "Favicon",
      "loading" : "lazy",
      "width" : 512,
      "height" : 512,
      "max_width" : 512,
      "max_height" : 512
    },
    "content" : {
      "content_title" : "Our Mission",
      "richtext" : "<p>Design settings and even apply custom CSS to this text in the module Advanced settings. settings and even apply custom CSS. Your content goes here. Edit or remove this text inline or in the module Content settings. You can also style every aspect of this content in the module Design settings and even apply custom CSS to this text in the module Advanced settings.</p>\n<ul>\n<li>Massa eget egestas purus viverra accumsan in nisl nisi scelerisque.</li>\n<li>Proin nibh nisl condimentum id venenatis a condimentum vitae.</li>\n<li>Mauris rhoncus aenean vel elit scelerisque mauris pellentesque.</li>\n</ul>\n<p><img src=\"https://fs.hubspotusercontent00.net/hubfs/4172253/OneTheme/module-icons/default-image.svg\" alt=\"default-image\" width=\"94\" loading=\"lazy\" style=\"width: 94px;\"></p>"
    }
  } ]
}, {
  "id" : "915284cd-2996-56ed-9c86-ee68769ad803",
  "name" : "style",
  "display_width" : null,
  "label" : "Style",
  "help_text" : "This style field includes options like enabling/disabling the image and icon fields and scheme white color.",
  "required" : false,
  "locked" : false,
  "children" : [ {
    "id" : "2a5be001-ead2-7bc9-93c3-0af7ecbb15cc",
    "name" : "img_icon_require",
    "display_width" : null,
    "label" : "Image/Icon Required",
    "required" : false,
    "locked" : false,
    "display" : "checkbox",
    "type" : "boolean",
    "default" : true
  }, {
    "id" : "a15a21bf-2ce8-59b3-ec1b-f02a51554dcc",
    "name" : "tab_imgicon",
    "display_width" : null,
    "label" : "Tab Image/Icon?",
    "required" : false,
    "locked" : false,
    "visibility" : {
      "controlling_field" : "2a5be001-ead2-7bc9-93c3-0af7ecbb15cc",
      "controlling_field_path" : null,
      "controlling_value_regex" : "true",
      "property" : null,
      "operator" : "EQUAL",
      "access" : null
    },
    "display" : "select",
    "choices" : [ [ "icon", "Icon" ], [ "image", "Image" ] ],
    "multiple" : false,
    "reordering_enabled" : true,
    "preset" : null,
    "type" : "choice",
    "default" : "icon"
  }, {
    "id" : "f2124c52-3b02-5713-6bee-927ca18cfdf6",
    "name" : "scheme_white_color",
    "display_width" : null,
    "label" : "Scheme White Color",
    "help_text" : "When you enable the checkbox, all the text in the module will turn white.",
    "required" : false,
    "locked" : false,
    "display" : "checkbox",
    "type" : "boolean",
    "default" : false
  } ],
  "tab" : "CONTENT",
  "expanded" : false,
  "type" : "group",
  "default" : {
    "img_icon_require" : true,
    "tab_imgicon" : "icon",
    "scheme_white_color" : false
  }
}, {
  "id" : "5e10644f-df24-d57d-f8e0-e582cf5f40df",
  "name" : "styles",
  "display_width" : null,
  "label" : "Styles",
  "required" : false,
  "locked" : false,
  "children" : [ {
    "id" : "53038f45-e99f-3130-3a1a-98f14526694d",
    "name" : "tab",
    "display_width" : null,
    "label" : "Tab",
    "help_text" : "This tab field includes style options such as background color/gradient, border, spacing, and corner radius.",
    "required" : false,
    "locked" : false,
    "children" : [ {
      "id" : "d3bc302d-c312-bce5-e253-a83ccb188f6e",
      "name" : "tab_bg",
      "display_width" : null,
      "label" : "Background?",
      "required" : false,
      "locked" : false,
      "display" : "select",
      "choices" : [ [ "color", "Color" ], [ "gradient", "Gradient" ] ],
      "multiple" : false,
      "reordering_enabled" : true,
      "preset" : null,
      "type" : "choice",
      "default" : "color"
    }, {
      "id" : "9fbd5860-9169-cfad-a272-45da6fe09b1a",
      "name" : "color",
      "display_width" : null,
      "label" : "Color",
      "required" : false,
      "locked" : false,
      "visibility" : {
        "controlling_field" : "d3bc302d-c312-bce5-e253-a83ccb188f6e",
        "controlling_field_path" : null,
        "controlling_value_regex" : "color",
        "property" : null,
        "operator" : "EQUAL",
        "access" : null
      },
      "type" : "color",
      "default" : {
        "color" : "#000000",
        "opacity" : 0
      }
    }, {
      "id" : "e496ffa2-2ef2-93dd-0e7e-8e6e7691aab2",
      "name" : "bg_gradient",
      "display_width" : null,
      "label" : "Gradient",
      "required" : false,
      "locked" : false,
      "visibility" : {
        "controlling_field" : "d3bc302d-c312-bce5-e253-a83ccb188f6e",
        "controlling_field_path" : null,
        "controlling_value_regex" : "gradient",
        "property" : null,
        "operator" : "EQUAL",
        "access" : null
      },
      "type" : "gradient",
      "default" : {
        "side_or_corner" : {
          "horizontalSide" : "RIGHT",
          "verticalSide" : null
        },
        "colors" : [ {
          "color" : {
            "r" : 252,
            "g" : 110,
            "b" : 90,
            "a" : 1
          }
        }, {
          "color" : {
            "r" : 255,
            "g" : 87,
            "b" : 127,
            "a" : 1
          }
        } ]
      }
    }, {
      "id" : "99808004-4ab6-8e13-9639-c436cf9e66f1",
      "name" : "border_field",
      "display_width" : null,
      "label" : "Border",
      "required" : false,
      "locked" : false,
      "allow_custom_border_sides" : false,
      "type" : "border",
      "default" : {
        "top" : {
          "style" : "none"
        },
        "bottom" : {
          "style" : "none"
        },
        "left" : {
          "style" : "none"
        },
        "right" : {
          "style" : "none"
        }
      }
    }, {
      "id" : "23aba8b7-1469-6b7d-11dc-474c9a9a2200",
      "name" : "spacing_field",
      "display_width" : null,
      "label" : "Spacing",
      "help_text" : "When working with a tab, you have the option to include a margin and padding to adjust the spacing.",
      "required" : false,
      "locked" : false,
      "type" : "spacing",
      "default" : { }
    }, {
      "id" : "487a31e9-0446-ba25-d11e-9e17727cd46d",
      "name" : "corner_radius",
      "display_width" : null,
      "label" : "Corner Radius",
      "required" : false,
      "locked" : false,
      "children" : [ {
        "id" : "051ab2ca-e4ec-dc81-a397-f2909561d704",
        "name" : "c_radius",
        "display_width" : null,
        "label" : "Corner Radius",
        "required" : false,
        "locked" : false,
        "visibility" : {
          "controlling_field" : null,
          "controlling_field_path" : "styles.tab.corner_radius.custom_cr",
          "controlling_value_regex" : "true",
          "property" : null,
          "operator" : "NOT_EQUAL",
          "access" : null
        },
        "display" : "text",
        "min" : 0,
        "max" : 50,
        "step" : 1,
        "suffix" : "px",
        "type" : "number",
        "default" : 0
      }, {
        "id" : "99ae41ad-4f4f-95a6-9628-a3345102454d",
        "name" : "custom_cr",
        "display_width" : null,
        "label" : "Custom Corner Radius",
        "required" : false,
        "locked" : false,
        "display" : "checkbox",
        "type" : "boolean",
        "default" : false
      }, {
        "id" : "8721875f-94c5-a8f3-4f00-8c5a9e80e482",
        "name" : "top_left",
        "display_width" : null,
        "label" : "Top Left Corner",
        "help_text" : "The value applies to Top-Left corner of the tab.",
        "required" : false,
        "locked" : false,
        "visibility" : {
          "controlling_field" : "99ae41ad-4f4f-95a6-9628-a3345102454d",
          "controlling_field_path" : null,
          "controlling_value_regex" : "true",
          "property" : null,
          "operator" : "EQUAL",
          "access" : null
        },
        "display" : "slider",
        "max" : 50,
        "step" : 1,
        "suffix" : "px",
        "type" : "number",
        "default" : 0
      }, {
        "id" : "8976b4a2-a48e-4486-f093-99cb29c7a8ba",
        "name" : "top_right",
        "display_width" : null,
        "label" : "Top Right Corner",
        "help_text" : "The value applies to Top-Right corner of the tab.",
        "required" : false,
        "locked" : false,
        "visibility" : {
          "controlling_field" : "99ae41ad-4f4f-95a6-9628-a3345102454d",
          "controlling_field_path" : null,
          "controlling_value_regex" : "true",
          "property" : null,
          "operator" : "EQUAL",
          "access" : null
        },
        "display" : "slider",
        "max" : 50,
        "step" : 1,
        "suffix" : "px",
        "type" : "number",
        "default" : 0
      }, {
        "id" : "cc9fb93d-961e-c01a-24f2-213af98cfca3",
        "name" : "bottom_right",
        "display_width" : null,
        "label" : "Bottom Right Corner",
        "help_text" : "The value applies to Bottom-Right corner of the tab.",
        "required" : false,
        "locked" : false,
        "visibility" : {
          "controlling_field" : "99ae41ad-4f4f-95a6-9628-a3345102454d",
          "controlling_field_path" : null,
          "controlling_value_regex" : "true",
          "property" : null,
          "operator" : "EQUAL",
          "access" : null
        },
        "display" : "slider",
        "max" : 50,
        "step" : 1,
        "suffix" : "px",
        "type" : "number",
        "default" : 0
      }, {
        "id" : "ca1332d5-e3cd-0fbf-fd4f-b1b87166d532",
        "name" : "bottom_left",
        "display_width" : null,
        "label" : "Bottom Left Corner",
        "help_text" : "The value applies to Bottom-Left corner of the tab.",
        "required" : false,
        "locked" : false,
        "visibility" : {
          "controlling_field" : "99ae41ad-4f4f-95a6-9628-a3345102454d",
          "controlling_field_path" : null,
          "controlling_value_regex" : "true",
          "property" : null,
          "operator" : "EQUAL",
          "access" : null
        },
        "display" : "slider",
        "max" : 50,
        "step" : 1,
        "suffix" : "px",
        "type" : "number",
        "default" : 0
      } ],
      "tab" : "STYLE",
      "expanded" : false,
      "type" : "group",
      "default" : {
        "c_radius" : 0,
        "custom_cr" : false,
        "top_left" : 0,
        "top_right" : 0,
        "bottom_right" : 0,
        "bottom_left" : 0
      }
    } ],
    "tab" : "STYLE",
    "expanded" : false,
    "type" : "group",
    "default" : {
      "tab_bg" : "color",
      "color" : {
        "color" : "#000000",
        "opacity" : 0
      },
      "bg_gradient" : {
        "side_or_corner" : {
          "horizontalSide" : "RIGHT",
          "verticalSide" : null
        },
        "colors" : [ {
          "color" : {
            "r" : 252,
            "g" : 110,
            "b" : 90,
            "a" : 1
          }
        }, {
          "color" : {
            "r" : 255,
            "g" : 87,
            "b" : 127,
            "a" : 1
          }
        } ]
      },
      "border_field" : {
        "top" : {
          "style" : "none"
        },
        "bottom" : {
          "style" : "none"
        },
        "left" : {
          "style" : "none"
        },
        "right" : {
          "style" : "none"
        }
      },
      "spacing_field" : { },
      "corner_radius" : {
        "c_radius" : 0,
        "custom_cr" : false,
        "top_left" : 0,
        "top_right" : 0,
        "bottom_right" : 0,
        "bottom_left" : 0
      }
    }
  }, {
    "id" : "f2c46493-c196-273e-dfae-31624f2bdcad",
    "name" : "active_tab",
    "display_width" : null,
    "label" : "Active Tab",
    "help_text" : "This active tab field includes style options such as background color/gradient, border, and box-shadow.",
    "required" : false,
    "locked" : false,
    "children" : [ {
      "id" : "5e1ce7e1-2d27-08ac-76ab-eef10bc2934c",
      "name" : "tab_bg",
      "display_width" : null,
      "label" : "Background?",
      "required" : false,
      "locked" : false,
      "display" : "select",
      "choices" : [ [ "color", "Color" ], [ "gradient", "Gradient" ] ],
      "multiple" : false,
      "reordering_enabled" : true,
      "preset" : null,
      "type" : "choice",
      "default" : "color"
    }, {
      "id" : "c4387ac9-3d5c-ed56-ab19-68bea942ea47",
      "name" : "color",
      "display_width" : null,
      "label" : "Background Color",
      "required" : false,
      "locked" : false,
      "visibility" : {
        "controlling_field" : "5e1ce7e1-2d27-08ac-76ab-eef10bc2934c",
        "controlling_field_path" : null,
        "controlling_value_regex" : "color",
        "property" : null,
        "operator" : "EQUAL",
        "access" : null
      },
      "type" : "color",
      "default" : {
        "color" : "#000000",
        "opacity" : 0
      }
    }, {
      "id" : "f3547d43-69a1-9ab3-7061-2c31547a20fa",
      "name" : "bg_gradient",
      "display_width" : null,
      "label" : "Gradient",
      "required" : false,
      "locked" : false,
      "visibility" : {
        "controlling_field" : "5e1ce7e1-2d27-08ac-76ab-eef10bc2934c",
        "controlling_field_path" : null,
        "controlling_value_regex" : "gradient",
        "property" : null,
        "operator" : "EQUAL",
        "access" : null
      },
      "type" : "gradient",
      "default" : {
        "side_or_corner" : {
          "horizontalSide" : "RIGHT",
          "verticalSide" : null
        },
        "colors" : [ {
          "color" : {
            "r" : 255,
            "g" : 87,
            "b" : 127,
            "a" : 1
          }
        }, {
          "color" : {
            "r" : 252,
            "g" : 110,
            "b" : 90,
            "a" : 1
          }
        } ]
      }
    }, {
      "id" : "b4e86504-fbfd-7a48-2a48-9f20897388f5",
      "name" : "border_field",
      "display_width" : null,
      "label" : "Border",
      "required" : false,
      "locked" : false,
      "allow_custom_border_sides" : false,
      "type" : "border",
      "default" : {
        "top" : {
          "style" : "none"
        },
        "bottom" : {
          "style" : "none"
        },
        "left" : {
          "style" : "none"
        },
        "right" : {
          "style" : "none"
        }
      }
    }, {
      "id" : "0f8cae91-e966-3321-2f5a-473088153766",
      "name" : "shadow",
      "display_width" : null,
      "label" : "Show Shadow",
      "help_text" : "To include a box shadow, simply select the checkbox.",
      "required" : false,
      "locked" : false,
      "display" : "checkbox",
      "type" : "boolean",
      "default" : false
    }, {
      "id" : "3b32d8b3-fc45-e4ad-97d7-4d9ded87bdcd",
      "name" : "h_offset",
      "display_width" : null,
      "label" : "Horizontal Offset",
      "help_text" : "The horizontal offset of the shadow. A positive value puts the shadow on the right side of the box, a negative value puts the shadow on the left side of the box.\nNote:- If not require then set as 0.",
      "required" : false,
      "locked" : false,
      "visibility" : {
        "controlling_field" : "0f8cae91-e966-3321-2f5a-473088153766",
        "controlling_field_path" : null,
        "controlling_value_regex" : "true",
        "property" : null,
        "operator" : "EQUAL",
        "access" : null
      },
      "display" : "slider",
      "max" : 50,
      "step" : 1,
      "suffix" : "px",
      "type" : "number",
      "default" : 0
    }, {
      "id" : "ccadefff-753e-c6b3-65f7-ccc67dbf1e38",
      "name" : "v_offset",
      "display_width" : null,
      "label" : "Vertical Offset",
      "help_text" : "The vertical offset of the shadow. A positive value puts the shadow below the box, a negative value puts the shadow above the box.\nNote:- If not required then set to 0.",
      "required" : false,
      "locked" : false,
      "visibility" : {
        "controlling_field" : "0f8cae91-e966-3321-2f5a-473088153766",
        "controlling_field_path" : null,
        "controlling_value_regex" : "true",
        "property" : null,
        "operator" : "EQUAL",
        "access" : null
      },
      "display" : "slider",
      "max" : 50,
      "step" : 1,
      "suffix" : "px",
      "type" : "number",
      "default" : 4
    }, {
      "id" : "ba2cb344-1ed1-eb42-e481-87736d52e93c",
      "name" : "blur",
      "display_width" : null,
      "label" : "Blur",
      "help_text" : "Optional. The blur radius. The higher the number, the more blurred the shadow will be.",
      "required" : false,
      "locked" : false,
      "visibility" : {
        "controlling_field" : "0f8cae91-e966-3321-2f5a-473088153766",
        "controlling_field_path" : null,
        "controlling_value_regex" : "true",
        "property" : null,
        "operator" : "EQUAL",
        "access" : null
      },
      "display" : "slider",
      "max" : 100,
      "step" : 1,
      "suffix" : "px",
      "type" : "number",
      "default" : 70
    }, {
      "id" : "5409d4b7-ee28-ba2b-c5f7-fbde6c6f4c8c",
      "name" : "spread",
      "display_width" : null,
      "label" : "Spread",
      "help_text" : "Optional, The spread radius. A positive value increases the size of the shadow, a negative value decreases the size of the shadow.",
      "required" : false,
      "locked" : false,
      "visibility" : {
        "controlling_field" : "0f8cae91-e966-3321-2f5a-473088153766",
        "controlling_field_path" : null,
        "controlling_value_regex" : "true",
        "property" : null,
        "operator" : "EQUAL",
        "access" : null
      },
      "display" : "slider",
      "min" : -50,
      "max" : 50,
      "step" : 1,
      "suffix" : "px",
      "type" : "number",
      "default" : 7
    }, {
      "id" : "711cfb42-d258-c420-3079-f06936246d75",
      "name" : "shadow_color",
      "display_width" : null,
      "label" : "Color",
      "help_text" : "Optional. The color of the shadow.",
      "required" : false,
      "locked" : false,
      "visibility" : {
        "controlling_field" : "0f8cae91-e966-3321-2f5a-473088153766",
        "controlling_field_path" : null,
        "controlling_value_regex" : "true",
        "property" : null,
        "operator" : "EQUAL",
        "access" : null
      },
      "type" : "color",
      "default" : {
        "color" : "#0D1724",
        "opacity" : 25
      }
    } ],
    "tab" : "STYLE",
    "expanded" : false,
    "type" : "group",
    "default" : {
      "tab_bg" : "color",
      "color" : {
        "color" : "#000000",
        "opacity" : 0
      },
      "bg_gradient" : {
        "side_or_corner" : {
          "horizontalSide" : "RIGHT",
          "verticalSide" : null
        },
        "colors" : [ {
          "color" : {
            "r" : 255,
            "g" : 87,
            "b" : 127,
            "a" : 1
          }
        }, {
          "color" : {
            "r" : 252,
            "g" : 110,
            "b" : 90,
            "a" : 1
          }
        } ]
      },
      "border_field" : {
        "top" : {
          "style" : "none"
        },
        "bottom" : {
          "style" : "none"
        },
        "left" : {
          "style" : "none"
        },
        "right" : {
          "style" : "none"
        }
      },
      "shadow" : false,
      "h_offset" : 0,
      "v_offset" : 4,
      "blur" : 70,
      "spread" : 7,
      "shadow_color" : {
        "color" : "#0D1724",
        "opacity" : 25
      }
    }
  }, {
    "id" : "29f28720-5f7b-c0a8-62aa-612049a099c3",
    "name" : "content",
    "display_width" : null,
    "label" : "Content",
    "help_text" : "When creating content, you can adjust spacing by adding margin or padding.",
    "required" : false,
    "locked" : false,
    "children" : [ {
      "id" : "bed1b7b2-ed42-ae32-30ca-fdb43fd42eb4",
      "name" : "spacing",
      "display_width" : null,
      "label" : "Spacing",
      "required" : false,
      "locked" : false,
      "type" : "spacing",
      "default" : { }
    } ],
    "tab" : "STYLE",
    "expanded" : false,
    "type" : "group",
    "default" : {
      "spacing" : { }
    }
  }, {
    "id" : "652a3df9-2e54-1225-f80d-e542f7d46f78",
    "name" : "tab_separator",
    "display_width" : null,
    "label" : "Tab Separator",
    "help_text" : "This tab separator field includes style options like enabling/disabling the separator field, selecting a color, setting the separator height, and choosing the active separator color.",
    "required" : false,
    "locked" : false,
    "children" : [ {
      "id" : "a15b947c-44a5-a130-360b-de50ad2f5134",
      "name" : "show_tab_separator",
      "display_width" : null,
      "label" : "Show Tab Separator",
      "required" : false,
      "locked" : false,
      "display" : "checkbox",
      "type" : "boolean",
      "default" : true
    }, {
      "id" : "48842b69-52a6-5ca7-8729-b28602e889b2",
      "name" : "color",
      "display_width" : null,
      "label" : "Color",
      "required" : false,
      "locked" : false,
      "visibility" : {
        "controlling_field" : "a15b947c-44a5-a130-360b-de50ad2f5134",
        "controlling_field_path" : null,
        "controlling_value_regex" : "true",
        "property" : null,
        "operator" : "EQUAL",
        "access" : null
      },
      "type" : "color",
      "default" : {
        "color" : "#DEE8F4",
        "opacity" : 100
      }
    }, {
      "id" : "970c03d9-42d2-4431-3efe-43d264a6343b",
      "name" : "height",
      "display_width" : null,
      "label" : "Height or width",
      "required" : false,
      "locked" : false,
      "visibility" : {
        "controlling_field" : "a15b947c-44a5-a130-360b-de50ad2f5134",
        "controlling_field_path" : null,
        "controlling_value_regex" : "true",
        "property" : null,
        "operator" : "EQUAL",
        "access" : null
      },
      "display" : "slider",
      "min" : 1,
      "max" : 10,
      "step" : 1,
      "suffix" : "px",
      "type" : "number",
      "default" : 2
    }, {
      "id" : "d5629bb1-f37e-1d5e-0ceb-baf46f77aa17",
      "name" : "active_separator",
      "display_width" : null,
      "label" : "Active Separator",
      "required" : false,
      "locked" : false,
      "visibility" : {
        "controlling_field" : "a15b947c-44a5-a130-360b-de50ad2f5134",
        "controlling_field_path" : null,
        "controlling_value_regex" : "true",
        "property" : null,
        "operator" : "EQUAL",
        "access" : null
      },
      "children" : [ {
        "id" : "1db01a83-2d96-5314-99b8-1ec45448f9be",
        "name" : "color",
        "display_width" : null,
        "label" : "Color",
        "required" : false,
        "locked" : false,
        "visibility" : {
          "controlling_field" : "a15b947c-44a5-a130-360b-de50ad2f5134",
          "controlling_field_path" : null,
          "controlling_value_regex" : "true",
          "property" : null,
          "operator" : "EQUAL",
          "access" : null
        },
        "type" : "color",
        "default" : {
          "color" : "#023E8A",
          "opacity" : 100
        }
      } ],
      "tab" : "STYLE",
      "expanded" : false,
      "type" : "group",
      "default" : {
        "color" : {
          "color" : "#023E8A",
          "opacity" : 100
        }
      }
    } ],
    "tab" : "STYLE",
    "expanded" : false,
    "type" : "group",
    "default" : {
      "show_tab_separator" : true,
      "color" : {
        "color" : "#DEE8F4",
        "opacity" : 100
      },
      "height" : 2,
      "active_separator" : {
        "color" : {
          "color" : "#023E8A",
          "opacity" : 100
        }
      }
    }
  }, {
    "id" : "bebd17e4-8c99-e70f-533a-5054d1e58437",
    "name" : "image",
    "display_width" : null,
    "label" : "Image",
    "help_text" : "To adjust the width of an image, you can choose from various style options in the image field.",
    "required" : false,
    "locked" : false,
    "visibility" : {
      "controlling_field" : null,
      "controlling_field_path" : "style.tab_imgicon",
      "controlling_value_regex" : "image",
      "property" : null,
      "operator" : "EQUAL",
      "access" : null
    },
    "children" : [ {
      "id" : "08069b2f-20a8-6cba-3224-d9677957f33c",
      "name" : "image_width",
      "display_width" : null,
      "label" : "Image Width",
      "required" : false,
      "locked" : false,
      "display" : "text",
      "min" : 1,
      "max" : 100,
      "step" : 1,
      "suffix" : "px",
      "type" : "number",
      "default" : 25
    } ],
    "tab" : "STYLE",
    "expanded" : false,
    "type" : "group",
    "default" : {
      "image_width" : 25
    }
  }, {
    "id" : "07c0e533-9c80-f2c3-f6f2-24d0b8989385",
    "name" : "icon",
    "display_width" : null,
    "label" : "Icon",
    "help_text" : "The icon field provides style options for icon color, active icon color, and icon width.",
    "required" : false,
    "locked" : false,
    "visibility" : {
      "controlling_field" : null,
      "controlling_field_path" : "style.tab_imgicon",
      "controlling_value_regex" : "icon",
      "property" : null,
      "operator" : "EQUAL",
      "access" : null
    },
    "children" : [ {
      "id" : "1b558aee-14b9-2aad-2283-0756fd38ab3b",
      "name" : "color",
      "display_width" : null,
      "label" : "Color",
      "help_text" : "This default icon color is inherited from your theme's secondary color, if you want to change the icon color, you can change it here.",
      "required" : false,
      "locked" : false,
      "inherited_value" : {
        "property_value_paths" : {
          "color" : "theme.secondary_color.color"
        }
      },
      "type" : "color",
      "default" : {
        "color" : "#F65D5D",
        "opacity" : 100
      }
    }, {
      "id" : "3a7b335d-d237-d74e-18ca-4f7025596811",
      "name" : "active_color",
      "display_width" : null,
      "label" : "Active Color",
      "help_text" : "This default active icon color is inherited from your theme's primary color, if you want to change the active icon color, you can change it here.",
      "required" : false,
      "locked" : false,
      "inherited_value" : {
        "property_value_paths" : {
          "color" : "theme.primary_color.color"
        }
      },
      "type" : "color",
      "default" : {
        "color" : "#023E8A",
        "opacity" : 100
      }
    }, {
      "id" : "39c9dc5c-ed33-c78a-5565-1175a5469fb4",
      "name" : "width",
      "display_width" : null,
      "label" : "Width",
      "required" : false,
      "locked" : false,
      "children" : [ {
        "id" : "4b8e4e28-a70c-6e38-f7cf-adf8125c9536",
        "name" : "icon_width",
        "display_width" : null,
        "label" : "Icon Width",
        "required" : false,
        "locked" : false,
        "display" : "text",
        "min" : 1,
        "max" : 100,
        "step" : 1,
        "suffix" : "px",
        "type" : "number",
        "default" : 20
      } ],
      "tab" : "STYLE",
      "expanded" : false,
      "type" : "group",
      "default" : {
        "icon_width" : 20
      }
    } ],
    "tab" : "STYLE",
    "expanded" : false,
    "type" : "group",
    "default" : {
      "color" : {
        "color" : "#F65D5D",
        "opacity" : 100
      },
      "active_color" : {
        "color" : "#023E8A",
        "opacity" : 100
      },
      "width" : {
        "icon_width" : 20
      }
    }
  }, {
    "id" : "fd75648f-6031-dd3c-a9cb-8d9cd9c78ca7",
    "name" : "tab_title",
    "display_width" : null,
    "label" : "Tab Title",
    "help_text" : "The tab title field provides various style options, including font style, font size, font color, and active font color.",
    "required" : false,
    "locked" : false,
    "children" : [ {
      "id" : "5601cca2-6798-46ab-b413-1aef58f743b9",
      "name" : "font_field",
      "display_width" : null,
      "label" : "Font",
      "required" : false,
      "locked" : false,
      "load_external_fonts" : true,
      "type" : "font",
      "default" : { }
    }, {
      "id" : "ee116c33-13af-74ce-0228-0828fe927fec",
      "name" : "active",
      "display_width" : null,
      "label" : "Active Tab",
      "required" : false,
      "locked" : false,
      "children" : [ {
        "id" : "ebfd21e9-5f95-8154-9579-497e9f16228f",
        "name" : "color",
        "display_width" : null,
        "label" : "Color",
        "required" : false,
        "locked" : false,
        "type" : "color",
        "default" : {
          "color" : "#023E8A",
          "opacity" : 100
        }
      } ],
      "tab" : "STYLE",
      "expanded" : false,
      "type" : "group",
      "default" : {
        "color" : {
          "color" : "#023E8A",
          "opacity" : 100
        }
      }
    } ],
    "tab" : "STYLE",
    "expanded" : false,
    "type" : "group",
    "default" : {
      "font_field" : { },
      "active" : {
        "color" : {
          "color" : "#023E8A",
          "opacity" : 100
        }
      }
    }
  }, {
    "id" : "6c3711c8-478d-acae-a296-fabec8068bc0",
    "name" : "tab_desc",
    "display_width" : null,
    "label" : "Tab Description",
    "help_text" : "The tab description field provides various style options, including font style, font size, font color, and active font color.",
    "required" : false,
    "locked" : false,
    "children" : [ {
      "id" : "1d621e90-f11e-b6b9-6441-69f514682017",
      "name" : "font_field",
      "display_width" : null,
      "label" : "Font",
      "required" : false,
      "locked" : false,
      "inherited_value" : {
        "property_value_paths" : {
          "font" : "theme.body_font.font"
        }
      },
      "load_external_fonts" : true,
      "type" : "font",
      "default" : {
        "color" : "#3b4f68"
      }
    }, {
      "id" : "7c027982-af57-7362-fe03-b9c0f016ff24",
      "name" : "active",
      "display_width" : null,
      "label" : "Active Tab",
      "required" : false,
      "locked" : false,
      "children" : [ {
        "id" : "cdcd088a-e636-3f36-63f2-657abaff9b1b",
        "name" : "color",
        "display_width" : null,
        "label" : "Color",
        "required" : false,
        "locked" : false,
        "type" : "color",
        "default" : {
          "color" : "#023E8A",
          "opacity" : 100
        }
      } ],
      "tab" : "STYLE",
      "expanded" : false,
      "type" : "group",
      "default" : {
        "color" : {
          "color" : "#023E8A",
          "opacity" : 100
        }
      }
    } ],
    "tab" : "STYLE",
    "expanded" : false,
    "type" : "group",
    "default" : {
      "font_field" : {
        "color" : "#3b4f68"
      },
      "active" : {
        "color" : {
          "color" : "#023E8A",
          "opacity" : 100
        }
      }
    }
  }, {
    "id" : "2e3fef59-3dfb-f106-9fb1-012641d22d2b",
    "name" : "content_title",
    "display_width" : null,
    "label" : "Content Title",
    "help_text" : "Customize your content headings by choosing the font type, size, color, and spacing that best suits your needs.",
    "required" : false,
    "locked" : false,
    "children" : [ {
      "id" : "17b0de65-a332-50b3-f47d-2c8aaa75aeec",
      "name" : "font_field",
      "display_width" : null,
      "label" : "Font",
      "required" : false,
      "locked" : false,
      "inherited_value" : {
        "property_value_paths" : {
          "font" : "theme.heading_font.font"
        }
      },
      "load_external_fonts" : true,
      "type" : "font",
      "default" : { }
    }, {
      "id" : "4a84fd80-6e00-15b7-5c30-da5bf0211834",
      "name" : "spacing",
      "display_width" : null,
      "label" : "Spacing",
      "required" : false,
      "locked" : false,
      "type" : "spacing",
      "default" : { }
    }, {
      "id" : "d7c77d0e-4f2b-017e-9a65-e3620dd44f9c",
      "name" : "gradient_color",
      "display_width" : null,
      "label" : "Gradient Color",
      "inline_help_text" : "The gradient color will apply on span tag, So you need to add a span tag in title field to add a gradient color..",
      "required" : false,
      "locked" : false,
      "children" : [ {
        "id" : "7d0a5280-8b3c-489b-a3bd-fe81c71506c6",
        "name" : "use_gradient",
        "display_width" : null,
        "label" : "Use Gradient",
        "help_text" : "Enable to use the gradient color on span tag for title..",
        "required" : false,
        "locked" : false,
        "display" : "toggle",
        "type" : "boolean",
        "default" : false
      }, {
        "id" : "daab8152-25cd-f17f-ae8f-f0e2aa70f8b7",
        "name" : "gradient",
        "display_width" : null,
        "label" : "Gradient",
        "required" : false,
        "locked" : false,
        "visibility" : {
          "controlling_field" : null,
          "controlling_field_path" : "styles.content_title.gradient_color.use_gradient",
          "controlling_value_regex" : "true",
          "property" : null,
          "operator" : "EQUAL",
          "access" : null
        },
        "type" : "gradient",
        "default" : {
          "colors" : [ {
            "color" : {
              "r" : 252,
              "g" : 110,
              "b" : 90,
              "a" : 1
            }
          }, {
            "color" : {
              "r" : 255,
              "g" : 87,
              "b" : 127,
              "a" : 1
            }
          } ],
          "side_or_corner" : {
            "horizontalSide" : "RIGHT",
            "verticalSide" : null
          }
        }
      } ],
      "tab" : "STYLE",
      "expanded" : false,
      "type" : "group",
      "default" : {
        "use_gradient" : false,
        "gradient" : {
          "colors" : [ {
            "color" : {
              "r" : 252,
              "g" : 110,
              "b" : 90,
              "a" : 1
            }
          }, {
            "color" : {
              "r" : 255,
              "g" : 87,
              "b" : 127,
              "a" : 1
            }
          } ],
          "side_or_corner" : {
            "horizontalSide" : "RIGHT",
            "verticalSide" : null
          }
        }
      }
    } ],
    "tab" : "STYLE",
    "expanded" : false,
    "type" : "group",
    "default" : {
      "font_field" : { },
      "spacing" : { },
      "gradient_color" : {
        "use_gradient" : false,
        "gradient" : {
          "colors" : [ {
            "color" : {
              "r" : 252,
              "g" : 110,
              "b" : 90,
              "a" : 1
            }
          }, {
            "color" : {
              "r" : 255,
              "g" : 87,
              "b" : 127,
              "a" : 1
            }
          } ],
          "side_or_corner" : {
            "horizontalSide" : "RIGHT",
            "verticalSide" : null
          }
        }
      }
    }
  }, {
    "id" : "5ba51cf6-b129-ddcc-82b4-65a65ad420f1",
    "name" : "content_description",
    "display_width" : null,
    "label" : "Content Description",
    "help_text" : "The content description field provides various style options, including font style, font size, and font color.",
    "required" : false,
    "locked" : false,
    "children" : [ {
      "id" : "dbf0b00c-1947-8a84-654a-0f25acac55c4",
      "name" : "font_field",
      "display_width" : null,
      "label" : "Font",
      "required" : false,
      "locked" : false,
      "load_external_fonts" : true,
      "type" : "font",
      "default" : { }
    } ],
    "tab" : "STYLE",
    "expanded" : false,
    "type" : "group",
    "default" : {
      "font_field" : { }
    }
  } ],
  "tab" : "STYLE",
  "expanded" : false,
  "type" : "group",
  "default" : {
    "tab" : {
      "tab_bg" : "color",
      "color" : {
        "color" : "#000000",
        "opacity" : 0
      },
      "bg_gradient" : {
        "side_or_corner" : {
          "horizontalSide" : "RIGHT",
          "verticalSide" : null
        },
        "colors" : [ {
          "color" : {
            "r" : 252,
            "g" : 110,
            "b" : 90,
            "a" : 1
          }
        }, {
          "color" : {
            "r" : 255,
            "g" : 87,
            "b" : 127,
            "a" : 1
          }
        } ]
      },
      "border_field" : {
        "top" : {
          "style" : "none"
        },
        "bottom" : {
          "style" : "none"
        },
        "left" : {
          "style" : "none"
        },
        "right" : {
          "style" : "none"
        }
      },
      "spacing_field" : { },
      "corner_radius" : {
        "c_radius" : 0,
        "custom_cr" : false,
        "top_left" : 0,
        "top_right" : 0,
        "bottom_right" : 0,
        "bottom_left" : 0
      }
    },
    "active_tab" : {
      "tab_bg" : "color",
      "color" : {
        "color" : "#000000",
        "opacity" : 0
      },
      "bg_gradient" : {
        "side_or_corner" : {
          "horizontalSide" : "RIGHT",
          "verticalSide" : null
        },
        "colors" : [ {
          "color" : {
            "r" : 255,
            "g" : 87,
            "b" : 127,
            "a" : 1
          }
        }, {
          "color" : {
            "r" : 252,
            "g" : 110,
            "b" : 90,
            "a" : 1
          }
        } ]
      },
      "border_field" : {
        "top" : {
          "style" : "none"
        },
        "bottom" : {
          "style" : "none"
        },
        "left" : {
          "style" : "none"
        },
        "right" : {
          "style" : "none"
        }
      },
      "shadow" : false,
      "h_offset" : 0,
      "v_offset" : 4,
      "blur" : 70,
      "spread" : 7,
      "shadow_color" : {
        "color" : "#0D1724",
        "opacity" : 25
      }
    },
    "content" : {
      "spacing" : { }
    },
    "tab_separator" : {
      "show_tab_separator" : true,
      "color" : {
        "color" : "#DEE8F4",
        "opacity" : 100
      },
      "height" : 2,
      "active_separator" : {
        "color" : {
          "color" : "#023E8A",
          "opacity" : 100
        }
      }
    },
    "image" : {
      "image_width" : 25
    },
    "icon" : {
      "color" : {
        "color" : "#F65D5D",
        "opacity" : 100
      },
      "active_color" : {
        "color" : "#023E8A",
        "opacity" : 100
      },
      "width" : {
        "icon_width" : 20
      }
    },
    "tab_title" : {
      "font_field" : { },
      "active" : {
        "color" : {
          "color" : "#023E8A",
          "opacity" : 100
        }
      }
    },
    "tab_desc" : {
      "font_field" : {
        "color" : "#3b4f68"
      },
      "active" : {
        "color" : {
          "color" : "#023E8A",
          "opacity" : 100
        }
      }
    },
    "content_title" : {
      "font_field" : { },
      "spacing" : { },
      "gradient_color" : {
        "use_gradient" : false,
        "gradient" : {
          "colors" : [ {
            "color" : {
              "r" : 252,
              "g" : 110,
              "b" : 90,
              "a" : 1
            }
          }, {
            "color" : {
              "r" : 255,
              "g" : 87,
              "b" : 127,
              "a" : 1
            }
          } ],
          "side_or_corner" : {
            "horizontalSide" : "RIGHT",
            "verticalSide" : null
          }
        }
      }
    },
    "content_description" : {
      "font_field" : { }
    }
  }
}, {
  "id" : "aebae85b-8b43-b988-993d-ba519acd7847",
  "name" : "layout",
  "display_width" : null,
  "label" : "Layout",
  "help_text" : "In this layout field, you can find various options such as tab alignment and adjusting the width of both tabs and content.",
  "required" : false,
  "locked" : false,
  "children" : [ {
    "id" : "2291174e-213f-bb77-9b27-b5868f5dce16",
    "name" : "alignment",
    "display_width" : null,
    "label" : "Alignment",
    "required" : false,
    "locked" : false,
    "display" : "select",
    "choices" : [ [ "vertical-tab", "Vertical Tab" ], [ "horizontal-tab", "Horizontal Tab" ] ],
    "multiple" : false,
    "reordering_enabled" : true,
    "preset" : null,
    "type" : "choice",
    "default" : "horizontal-tab"
  }, {
    "id" : "a8704e5b-febe-6e0e-cfdd-2d0cf23e1802",
    "name" : "tab_content_width",
    "display_width" : null,
    "label" : "Tab & Content Width",
    "required" : false,
    "locked" : false,
    "visibility" : {
      "controlling_field" : "2291174e-213f-bb77-9b27-b5868f5dce16",
      "controlling_field_path" : null,
      "controlling_value_regex" : "vertical-tab",
      "property" : null,
      "operator" : "EQUAL",
      "access" : null
    },
    "display" : "select",
    "choices" : [ [ "six-six", "6*6" ], [ "five-seven", "5*7" ], [ "four-eight", "4*8" ], [ "three-nine", "3*9" ], [ "two-ten", "2*10" ] ],
    "multiple" : false,
    "reordering_enabled" : true,
    "preset" : null,
    "type" : "choice",
    "default" : "two-ten"
  }, {
    "id" : "2985e95d-e147-c012-7d9c-fe3449754a05",
    "name" : "header_tag",
    "display_width" : null,
    "label" : "Header Tag",
    "help_text" : "Choose a heading level for Content title. H1 is the largest, followed by H2, and so on",
    "required" : false,
    "locked" : false,
    "display" : "select",
    "choices" : [ [ "h1", "H1" ], [ "h2", "H2" ], [ "h3", "H3" ], [ "h4", "H4" ], [ "h5", "H5" ], [ "h6", "H6" ] ],
    "multiple" : false,
    "reordering_enabled" : true,
    "preset" : null,
    "type" : "choice",
    "default" : "h3"
  } ],
  "tab" : "CONTENT",
  "expanded" : false,
  "type" : "group",
  "default" : {
    "alignment" : "horizontal-tab",
    "tab_content_width" : "two-ten",
    "header_tag" : "h3"
  }
}, {
  "id" : "7dee27a3-4d27-18b0-ebf8-399f4bfd78b8",
  "name" : "advanced",
  "display_width" : null,
  "label" : "Advanced",
  "help_text" : "We have included two fields for developers to specify a unique ID or class for custom styles or anchor scrolling.",
  "required" : false,
  "locked" : false,
  "children" : [ {
    "id" : "60c321b9-8396-737d-9802-d1dc02704973",
    "name" : "custom_css_id",
    "display_width" : null,
    "label" : "Custom CSS ID",
    "help_text" : "Assign a unique CSS ID to the element which can be used to assign custom CSS styles.",
    "required" : false,
    "locked" : false,
    "validation_regex" : "",
    "allow_new_line" : false,
    "show_emoji_picker" : false,
    "type" : "text"
  }, {
    "id" : "08652f97-6286-6ceb-fa5d-d998a1c814b2",
    "name" : "custom_css_class",
    "display_width" : null,
    "label" : "Custom CSS Class",
    "help_text" : "Assign any number of CSS Classes to the element, separated by spaces, which can be used to assign custom CSS styles from within the Module.",
    "required" : false,
    "locked" : false,
    "validation_regex" : "",
    "allow_new_line" : false,
    "show_emoji_picker" : false,
    "type" : "text"
  } ],
  "tab" : "CONTENT",
  "expanded" : false,
  "type" : "group",
  "default" : { }
}, {
  "id" : "c1455418-24c5-0d0d-8ab3-8a172a2fe0e8",
  "name" : "jquery_cdn_link",
  "display_width" : null,
  "label" : "jQuery CDN link",
  "help_text" : "Enable the checkbox when you add jquery CDN. If it exists, please don't make sure to enable it.",
  "required" : false,
  "locked" : false,
  "display" : "checkbox",
  "type" : "boolean",
  "default" : true
}, {
  "id" : "7a952916-ae09-927d-c9cb-cc1ad7562b87",
  "name" : "bootstrap_cdn_link",
  "display_width" : null,
  "label" : "Bootstrap CDN link",
  "help_text" : "Enable the checkbox when you add bootstrap CDN. If it exists, please don't make sure to enable it.",
  "required" : false,
  "locked" : false,
  "display" : "checkbox",
  "type" : "boolean",
  "default" : true
} ]