{
  "content_tags" : [ {
    "name" : "ICON",
    "source" : "USER"
  }, {
    "name" : "IMAGE",
    "source" : "USER"
  }, {
    "name" : "RICH_TEXT",
    "source" : "USER"
  }, {
    "name" : "TEXT",
    "source" : "USER"
  }, {
    "name" : "LAYOUT",
    "source" : "USER"
  }, {
    "name" : "MULTIMEDIA",
    "source" : "USER"
  } ],
  "global" : false,
  "inline_help_text" : "Tab Content oAppsit",
  "categories" : [ "BODY_CONTENT", "FUNCTIONALITY", "MEDIA" ],
  "icon" : "https://f.hubspotusercontent00.net/hubfs/4172253/Jan%202021%20theme%20Image/Module%20Icon/Tab-Portfolio1.svg",
  "host_template_types" : [ "PAGE", "BLOG_POST", "BLOG_LISTING" ],
  "module_id" : 127202334576,
  "label" : "Tab Content",
  "is_available_for_new_content" : true
}